-- ============================================================================
-- PRODUCTION DATABASE MIGRATION SCRIPT  
-- ============================================================================
-- Run this script on your PUBLISHED APP'S database (not development)
-- This will import all users, shops, items, and configurations
-- 
-- LOGIN CREDENTIALS AFTER MIGRATION:
--   Username: admin
--   Password: admin123
-- ============================================================================

BEGIN;

-- Clear existing data
TRUNCATE TABLE event_logs, count_lines, counts, sessions, user_shops, shop_items, items, shops, users CASCADE;

-- Insert Users
INSERT INTO users (id, username, password, name, role, approved) VALUES
('e45f9708-44f1-405d-9944-96b23d01e751', 'admin', 'd8cc6d8807d8a601d9a392f2a42d954c1204cf8a944f4caeab6a1ac282b4d2ba219feb9065b79829c48c9841c09c366c8e77639cd23e16cff41c07ef8438707d.5482e22554a8eec64d04ec1f26d39598', 'Admin User', 'OWNER', true),
('dc5b63f8-13da-4ff7-a8fc-1bb97249e145', 'catering', '611d1a62c99d8c666a3c6b0426b809688fb591aac31d42163185d6b8f30f55328b3765ebdcb704a3ce486a2909e378d9b2c697ae155bb50db4fb466698f75726.ee7ea90b12da933225bb21dc4226d8f8', 'Catering', 'EMPLOYEE', true);

-- Insert Shops
INSERT INTO shops (id, name, active) VALUES
(1, 'ARK Rijks', t),
(2, 'Rijksmuseum', t),
(3, 'Phonton Rijks', t),
(4, 'Leidseplein', t),
(5, 'SCO', t),
(6, 'Bridge', t),
(7, 'Damrak Pier 5', t),
(8, 'Damrak Pier 6', t),
(9, 'Visitor Centre', t),
(10, 'Souvenir Shop', t);

-- Insert Items (383 items)
INSERT INTO items (id, default_name, category, units_per_box) VALUES
(1, 'Segura Viudas Cava Brut Fles 75 cl', 'DRINK', 6),
(2, 'Marival Rose 75 cl', 'DRINK', 6),
(3, 'Lisetto Prosecco Spumante Fles 75 cl', 'DRINK', 6),
(4, 'Laroche Wit Chardonnay Fles 75 cl', 'DRINK', 6),
(5, 'Laroche Rood Merlot Fles 75 cl', 'DRINK', 6),
(6, 'Laroche Rose Fles 75 cl', 'DRINK', 6),
(7, 'La Croisade Chardonnay grenache 75cl', 'DRINK', 6),
(8, 'La Croisade Merlot rouge 75cl', 'DRINK', 6),
(9, 'La Croisade Rose 75cl', 'DRINK', 6),
(10, 'Heineken Pilsener Star Bottle krat', 'DRINK', 30),
(11, 'Heineken 0.0% Krat', 'DRINK', 24),
(12, 'Sourcy Rood mineraalwater 20 cl fles krat', 'DRINK', 28),
(13, 'Sourcy Natuurlijk mineraalwater koolzuurvrij fles 20 cl krat', 'DRINK', 28),
(14, 'Pepsi Regular cola 20 cl fles krat', 'DRINK', 28),
(15, 'Pepsi Max cola 20 cl fles krat', 'DRINK', 28),
(16, '7 Up Free 20 cl fles krat', 'DRINK', 28),
(17, 'Sisi Suikervrije Sinas 20cl fles krat', 'DRINK', 28),
(18, 'Lipton Ice tea green 20 cl fles krat', 'DRINK', 28),
(19, 'Royal Club Sinaasappelsap 20 cl fles krat', 'DRINK', 28),
(20, 'Royal Club Appelsap 20 cl krat', 'DRINK', 28),
(21, 'Sourcy Natuurlijk mineraalwater koolzuurvrij 75 cl', 'DRINK', 12),
(22, 'Sourcy Rood mineraalwater 75 cl', 'DRINK', 12),
(23, 'Lay''s zakje chips naturel/paprika/bolognese', 'FOOD', 20),
(24, 'Pringles Original/Sourcream/Hot', 'FOOD', 12),
(25, 'Haribo Starmix 75 gram', 'FOOD', 28),
(26, 'Daelmans stroopwafels jumbo single', 'FOOD', 36),
(27, 'Milky way single reep', 'FOOD', 28),
(28, 'M&m''s pinda single', 'FOOD', 24),
(29, 'Mars single reep', 'FOOD', 32),
(30, 'Snickers single reep', 'FOOD', 32),
(31, 'Twix single reep', 'FOOD', 25),
(32, 'KitKat chocobar', 'FOOD', 36),
(33, 'Duyvis Pinda''s gezouten nootjes', 'FOOD', 20),
(34, 'Kaasblokjes - jong', 'FOOD', 1),
(35, 'Kaasblokjes - oud', 'FOOD', 1),
(36, 'Komijn - blokjes', 'FOOD', 1),
(37, 'Daelmans Mini stroopwafel blokzak', 'FOOD', 6),
(38, 'Daelmans Mini stroopwafels Doos 2,5 kilo', 'FOOD', 200),
(39, 'Leev Stroopwafel bio glutenvrij', 'FOOD', 16),
(40, 'Daendels Hotmix van rijstzoutjes en gecoate pinda''s Emmer 5 kilo', 'FOOD', 1),
(41, 'Daendels Roomboter kaasvlinders Emmer 750 gram', 'FOOD', 1),
(42, 'Pickwick Theezakjes Earl Grey Met Envelop Pak 100 zakjes x 2 gram', 'FOOD', 100),
(43, 'Pickwick Theezakjes Green Lemon Met Envelop Pak 100 zakjes x 2 gram', 'FOOD', 100),
(44, 'Pickwick Theezakjes Bosvruchten Met Envelop Pak 100 stuks x 1,5 gram', 'FOOD', 100),
(45, 'Apollo Zwarte pepermolen', 'FOOD', 6),
(46, 'Apollo Zeezoutmolen', 'FOOD', 6),
(47, 'Hekos Spekkoek 570gr', 'FOOD', 1),
(48, 'OLA Raket', 'ICECREAM', 54),
(49, 'OLA Donut', 'ICECREAM', 54),
(50, 'OLA Dracula', 'ICECREAM', 35),
(51, 'OLA Super Twister', 'ICECREAM', 24),
(52, 'OLA Magnum Classic', 'ICECREAM', 20),
(53, 'OLA Magnum Almond', 'ICECREAM', 20),
(54, 'OLA Magnum White', 'ICECREAM', 20),
(55, 'OLA Cornetto Classico', 'ICECREAM', 20),
(56, 'Heineken blik 33CL', 'DRINK', 24),
(57, 'Heineken blik 0,0 % 33CL', 'DRINK', 24),
(58, 'Desperados 33CL', 'DRINK', 24),
(59, 'La Croisade chardonnay grenache 25 CL', 'DRINK', 1),
(60, 'La Croisade merlot rouge 25CL', 'DRINK', 1),
(61, 'La Croisade rosé 25CL', 'DRINK', 1),
(62, 'Lisetto Prosecco Klein flesje 20CL', 'DRINK', 12),
(63, 'Sourcy Mineraalwater blauw koolzuurvrij pet 50CL', 'DRINK', 6),
(64, 'Sourcy Rood pet 50CL', 'DRINK', 6),
(65, 'Sourcy Vitamin Water Druif Acai 0% 50CL', 'DRINK', 6),
(66, 'Sourcy Vitamin Water DruifCitroen 0% 50CL', 'DRINK', 6),
(67, 'Sourcy Vitamin Water Mango Guave 0% 50CL', 'DRINK', 6),
(68, 'Rivella 50CL', 'DRINK', 6),
(69, 'Ranja fruitmix aardbei/framboos 33CL', 'DRINK', 6),
(70, 'Lipton Ice Tea Sparkling petfles 50 cl', 'DRINK', 12),
(71, 'Lipton Ice Tea peach/green Zero 50 cl', 'DRINK', 12),
(72, 'Pepsi petfles regular 50CL', 'DRINK', 6),
(73, 'Pepsi petfles max 50CL', 'DRINK', 6),
(74, 'Seven Up suikervrij 50 CL', 'DRINK', 6),
(75, 'Sisi suikervrij 50CL', 'DRINK', 6),
(76, 'Rockstar original regular/suikervrij (blik) 25CL', 'DRINK', 12),
(77, 'Lay''s zakje chips naturel/paprika/bolognese', 'FOOD', 20),
(78, 'Pringles Original/Sourcream/Hot', 'FOOD', 12),
(79, 'Haribo Starmix 75 gram', 'FOOD', 28),
(80, 'Daelmans stroopwafels jumbo single', 'FOOD', 36),
(81, 'Milky way single reep', 'FOOD', 28),
(82, 'M&m''s pinda single', 'FOOD', 24),
(83, 'Mars single reep', 'FOOD', 32),
(84, 'Snickers single reep', 'FOOD', 32),
(85, 'Twix single reep', 'FOOD', 25),
(86, 'KitKat chocobar', 'FOOD', 36),
(87, 'Oud hollandse candy''s', 'STROMMA', 60),
(88, 'Stroopwafel zakje', 'STROMMA', 60),
(89, 'Stroopwafel koker yellow box', 'STROMMA', 60),
(90, 'Pretzel', 'STROMMA', 60),
(91, 'Huismix', 'STROMMA', 60),
(92, 'Cubes Mature/ 4-6 months', 'FOOD', 12),
(93, 'Heineken blik 33CL', 'DRINK', 24),
(94, 'Heineken blik 0,0% 33CL', 'DRINK', 24),
(95, 'Desperados 33CL', 'DRINK', 24),
(96, 'La Croisade chardonnay grenache 25 CL', 'DRINK', 1),
(97, 'La Croisade merlot rouge 25CL', 'DRINK', 1),
(98, 'La Croisade rosé 25CL', 'DRINK', 1),
(99, 'Lisetto Prosecco Klein flesje 20CL', 'DRINK', 12),
(100, 'Sourcy Mineraalwater blauw koolzuurvrij pet 50CL', 'DRINK', 6),
(101, 'Sourcy Rood pet 50CL', 'DRINK', 6),
(102, 'Sourcy Vitamin Water Druif Acai 0% 50CL', 'DRINK', 6),
(103, 'Sourcy Vitamin Water DruifCitroen 0% 50CL', 'DRINK', 6),
(104, 'Sourcy Vitamin Water Mango Guave 0% 50CL', 'DRINK', 6),
(105, 'Rivella 50CL', 'DRINK', 6),
(106, 'Ranja fruitmix aardbei/framboos 33CL', 'DRINK', 6),
(107, 'Lipton Ice Tea Sparkling petfles 50 cl', 'DRINK', 12),
(108, 'Lipton Ice Tea peach/green Zero 50 cl', 'DRINK', 12),
(109, 'Pepsi petfles regular 50CL', 'DRINK', 6),
(110, 'Pepsi petfles max 50CL', 'DRINK', 6),
(111, 'Seven Up suikervrij 50 CL', 'DRINK', 6),
(112, 'Sisi suikervrij 50CL', 'DRINK', 6),
(113, 'Rockstar original regular/suikervrij (blik) 25CL', 'DRINK', 12),
(114, 'OLA Raket', 'ICECREAM', 54),
(115, 'Ola Donut', 'ICECREAM', 54),
(116, 'OLA Dracula', 'ICECREAM', 35),
(117, 'OLA Super Twister', 'ICECREAM', 24),
(118, 'OLA Magnum Classic', 'ICECREAM', 20),
(119, 'OLA Magnum Almond', 'ICECREAM', 20),
(120, 'OLA Magnum White', 'ICECREAM', 20),
(121, 'OLA Cornetto Classico', 'ICECREAM', 20),
(122, 'Heineken blik 33CL', 'DRINK', 24),
(123, 'Heineken blik 0,0% 33CL', 'DRINK', 24),
(124, 'Desperados 33CL', 'DRINK', 24),
(125, 'La Croisade chardonnay grenache 25 CL', 'DRINK', 1),
(126, 'La Croisade merlot rouge 25CL', 'DRINK', 1),
(127, 'La Croisade rosé 25CL', 'DRINK', 1),
(128, 'Lisetto Prosecco Klein flesje 20CL', 'DRINK', 12),
(129, 'Sourcy Mineraalwater blauw koolzuurvrij pet 50CL', 'DRINK', 6),
(130, 'Sourcy Rood pet 50CL', 'DRINK', 6),
(131, 'Sourcy Vitamin Water Braam Acai 0% 50CL', 'DRINK', 6),
(132, 'Sourcy Vitamin Water DruifCitroen 0% 50CL', 'DRINK', 6),
(133, 'Sourcy Vitamin Water Mango Guave 0% 50CL', 'DRINK', 6),
(134, 'Rivella 50CL', 'DRINK', 6),
(135, 'Ranja fruitmix aardbei/framboos 33CL', 'DRINK', 6),
(136, 'Lipton Ice Tea Sparkling petfles 50 cl', 'DRINK', 12),
(137, 'Lipton Ice Tea peach/green Zero 50 cl', 'DRINK', 12),
(138, 'Pepsi petfles regular 50CL', 'DRINK', 6),
(139, 'Pepsi petfles max 50CL', 'DRINK', 6),
(140, 'Seven Up suikervrij 50 CL', 'DRINK', 6),
(141, 'Sisi suikervrij 50CL', 'DRINK', 6),
(142, 'Rockstar original regular/suikervrij (blik) 25CL', 'DRINK', 12),
(143, 'Lay''s zakje chips naturel/paprika/bolognese', 'FOOD', 20),
(144, 'Pringles Original/Sourcream/Hot', 'FOOD', 12),
(145, 'Haribo Starmix 75 gram', 'FOOD', 28),
(146, 'Daelmans stroopwafels jumbo single', 'FOOD', 36),
(147, 'Milky way single reep', 'FOOD', 28),
(148, 'M&m''s pinda single', 'FOOD', 24),
(149, 'Mars single reep', 'FOOD', 32),
(150, 'Snickers single reep', 'FOOD', 32),
(151, 'Twix single reep', 'FOOD', 25),
(152, 'KitKat chocobar', 'FOOD', 36),
(153, 'Duyvis Pinda''s gezouten nootjes', 'FOOD', 20),
(154, 'Cubes Mature/ 4-6 months', 'FOOD', 12),
(155, 'Oud hollandse candy''s', 'STROMMA', 60),
(156, 'Stroopwafel zakje', 'STROMMA', 60),
(157, 'Stroopwafel koker yellow box', 'STROMMA', 60),
(158, 'Pretzel', 'STROMMA', 60),
(159, 'Huismix', 'STROMMA', 60),
(160, 'Segura Viudas Cava Brut Fles 75 cl', 'DRINK', 6),
(161, 'Marival Rose 75 cl', 'DRINK', 6),
(162, 'Lisetto Prosecco Spumante Fles 75 cl', 'DRINK', 6),
(163, 'Laroche Wit Chardonnay Fles 75 cl', 'DRINK', 6),
(164, 'Laroche Rood Merlot Fles 75 cl', 'DRINK', 6),
(165, 'Laroche Rose Fles 75 cl', 'DRINK', 6),
(166, 'La Croisade Chardonnay grenache 75cl', 'DRINK', 6),
(167, 'La Croisade Merlot rouge 75cl', 'DRINK', 6),
(168, 'La Croisade Rose 75cl', 'DRINK', 6),
(169, 'Villa Luisa Pinot Grigio 75cl', 'DRINK', 6),
(170, 'Heineken Pilsener Star Bottle krat 30cl', 'DRINK', 24),
(171, 'Heineken 0,0% Krat', 'DRINK', 24),
(172, 'Minute Maid Appel', 'DRINK', 24),
(173, 'Sourcy Rood mineraalwater 20 cl fles krat', 'DRINK', 28),
(174, 'Sourcy Natuurlijk mineraalwater koolzuurvrij fles 20 cl krat', 'DRINK', 28),
(175, 'Pepsi Regular cola 20 cl fles krat', 'DRINK', 28),
(176, 'Pepsi Max cola 20 cl fles krat', 'DRINK', 28),
(177, '7 Up Free 20 cl fles krat', 'DRINK', 28),
(178, 'Sisi Suikervrije Sinas 20cl fles krat', 'DRINK', 28),
(179, 'Lipton Ice tea green 20 cl fles krat', 'DRINK', 28),
(180, 'Royal Club Sinaasappelsap 20 cl fles krat', 'DRINK', 28),
(181, 'Royal Club Appelsap 20 cl fles krat', 'DRINK', 28),
(182, 'Sourcy Natuurlijk mineraalwater koolzuurvrij 75 cl', 'DRINK', 12),
(183, 'Sourcy Rood mineraalwater 75 cl', 'DRINK', 12),
(184, 'Kaasblokjes - jong', 'FOOD', 1),
(185, 'Kaasblokjes - oud', 'FOOD', 1),
(186, 'Komijn - blokjes', 'FOOD', 1),
(187, 'Daelmans Mini stroopwafel blokzak 400g', 'FOOD', 6),
(188, 'Daelmans Mini stroopwafels Doos 2,5 kilo', 'FOOD', 200),
(189, 'Leev Stroopwafel bio glutenvrij', 'FOOD', 16),
(190, 'Daendels Hotmix rijstzoutjes en pinda''s Emmer 5 kilo', 'FOOD', 1),
(191, 'Daendels Roomboter kaasvlinders Emmer 750 gram', 'FOOD', 1),
(192, 'Pickwick Theezakjes Earl Grey Met Envelop Pak', 'FOOD', 100),
(193, 'Pickwick Theezakjes Green Lemon Met Envelop Pak', 'FOOD', 100),
(194, 'Pickwick Theezakjes Bosvruchten Met Envelop Pak', 'FOOD', 100),
(195, 'Apollo Zwarte pepermolen', 'FOOD', 6),
(196, 'Apollo Zeezoutmolen', 'FOOD', 6),
(197, 'Hekos Spekkoek 570gr', 'FOOD', 1),
(198, 'Heineken blik 33CL', 'DRINK', 24),
(199, 'Amstel Rosé', 'DRINK', 24),
(200, 'Floralba Pinot Grigio Blush Rose', 'DRINK', 6),
(201, 'Heineken blik 33CL', 'DRINK', 24),
(202, 'Heineken blik 0,0% 33CL', 'DRINK', 24),
(203, 'Desperados 33CL', 'DRINK', 12),
(204, 'La Croisade chardonnay grenache 25 CL', 'DRINK', 1),
(205, 'La Croisade merlot rouge 25CL', 'DRINK', 1),
(206, 'La Croisade rosé 25CL', 'DRINK', 1),
(207, 'Lisetto Prosecco Klein flesje 20CL', 'DRINK', 12),
(208, 'Sourcy Mineraalwater blauw koolzuurvrij pet 50CL', 'DRINK', 6),
(209, 'Sourcy Rood pet 50CL', 'DRINK', 6),
(210, 'Sourcy Vitamin Water Braam Acai 0% 50CL', 'DRINK', 6),
(211, 'Sourcy Vitamin Water DruitCitroen 0% 50CL', 'DRINK', 6),
(212, 'Sourcy Vitamin Water Mango Guave 0% 50CL', 'DRINK', 6),
(213, 'Rivella 50CL', 'DRINK', 6),
(214, 'Ranja fruitmix aardbei/framboos 33CL', 'DRINK', 6),
(215, 'Lipton Ice Tea Sparkling petfles 50 cl', 'DRINK', 12),
(216, 'Lipton Ice Tea peach/green Zero 50 cl', 'DRINK', 12),
(217, 'Pepsi petfles regular 50CL', 'DRINK', 6),
(218, 'Pepsi petfles max 50CL', 'DRINK', 6),
(219, 'Seven Up suikervrij 50 CL', 'DRINK', 6),
(220, 'Sisi suikervrij 50CL', 'DRINK', 6),
(221, 'Rockstar original regular/suikervrij (blik) 25CL', 'DRINK', 12),
(222, 'Lay''s zakje chips naturel/paprika/bolognese', 'FOOD', 20),
(223, 'Pringles Original/Sourcream/Hot', 'FOOD', 12),
(224, 'Haribo Starmix 75 gram', 'FOOD', 28),
(225, 'Daelmans stroopwafels jumbo single', 'FOOD', 36),
(226, 'Milky way single reep', 'FOOD', 28),
(227, 'M&m''s pinda single', 'FOOD', 24),
(228, 'Mars single reep', 'FOOD', 32),
(229, 'Snickers single reep', 'FOOD', 32),
(230, 'Twix single reep', 'FOOD', 25),
(231, 'KitKat chocobar', 'FOOD', 36),
(232, 'Duyvis Pintda''s gezouten nootjes', 'FOOD', 20),
(233, 'OLA Raket', 'ICECREAM', 54),
(234, 'Ola Donut', 'ICECREAM', 54),
(235, 'OLA Dracula', 'ICECREAM', 35),
(236, 'OLA Super Twister', 'ICECREAM', 24),
(237, 'OLA Magnum Classic', 'ICECREAM', 20),
(238, 'OLA Magnum Almond', 'ICECREAM', 20),
(239, 'OLA Magnum White', 'ICECREAM', 20),
(240, 'OLA Cornetto Classisco', 'ICECREAM', 20),
(241, 'Oud hollandse candy''s', 'STROMMA', 60),
(242, 'Stroopwafel zakje', 'STROMMA', 60),
(243, 'Stroopwafel koker yellow box', 'STROMMA', 60),
(244, 'Pretzel', 'STROMMA', 60),
(245, 'Hutsmix', 'STROMMA', 60),
(246, 'Cheese Cubes Mature/ 4-6 months', 'STROMMA', 12),
(247, 'OLA Raket', 'ICECREAM', 54),
(248, 'OLA Donut', 'ICECREAM', 54),
(249, 'OLA Dracula', 'ICECREAM', 35),
(250, 'OLA Super Twister', 'ICECREAM', 24),
(251, 'OLA Magnum Classic', 'ICECREAM', 20),
(252, 'OLA Magnum Almond', 'ICECREAM', 20),
(253, 'OLA Magnum White', 'ICECREAM', 20),
(254, 'OLA Cornetto Classisco', 'ICECREAM', 20),
(255, 'Heineken blik 33CL', 'DRINK', 24),
(256, 'Heineken blik 0,0% 33CL', 'DRINK', 24),
(257, 'Desperados 33CL', 'DRINK', 24),
(258, 'La Croisade chardonnay grenache 25 CL', 'DRINK', 1),
(259, 'La Croisade merlot rouge 25CL', 'DRINK', 1),
(260, 'La Croisade rosé 25CL', 'DRINK', 1),
(261, 'Lisetto Prosecco Klein flesje 20CL', 'DRINK', 12),
(262, 'Sourcy Mineraalwater blauw koolzuurvrij pet 50CL', 'DRINK', 6),
(263, 'Sourcy Rood pet 50CL', 'DRINK', 6),
(264, 'Sourcy Vitamin Water Braam Acai 0% 50CL', 'DRINK', 6),
(265, 'Sourcy Vitamin Water DruitCitroen 0% 50CL', 'DRINK', 6),
(266, 'Sourcy Vitamin Water Mango Guave 0% 50CL', 'DRINK', 6),
(267, 'Rivella 50CL', 'DRINK', 6),
(268, 'Ranja fruitmix aardbei/framboos 33CL', 'DRINK', 6),
(269, 'Lipton Ice Tea Sparkling petfles 50 cl', 'DRINK', 12),
(270, 'Lipton Ice Tea peach/green Zero 50 cl', 'DRINK', 12),
(271, 'Pepsi petfles regular 50CL', 'DRINK', 6),
(272, 'Pepsi petfles max 50CL', 'DRINK', 6),
(273, 'Seven Up suikervrij 50 CL', 'DRINK', 6),
(274, 'Sisi suikervrij 50CL', 'DRINK', 6),
(275, 'Rockstar original regular/suikervrij (blik) 25CL', 'DRINK', 12),
(276, 'Lay''s zakje chips naturel/paprika/bolognese', 'FOOD', 20),
(277, 'Pringles Original/Sourcream/Hot', 'FOOD', 12),
(278, 'Haribo Starmix 75 gram', 'FOOD', 28),
(279, 'Daelmans stroopwafels jumbo single', 'FOOD', 36),
(280, 'Milky way single reep', 'FOOD', 28),
(281, 'M&m''s pinda single', 'FOOD', 24),
(282, 'Mars single reep', 'FOOD', 32),
(283, 'Snickers single reep', 'FOOD', 32),
(284, 'Twix single reep', 'FOOD', 25),
(285, 'KitKat chocobar', 'FOOD', 36),
(286, 'Duyvis Pintda''s gezouten nootjes', 'FOOD', 20),
(287, 'Oud hollandse candy''s', 'STROMMA', 150),
(288, 'Stroopwafel zakje', 'STROMMA', 160),
(289, 'Stroopwafel koker yellow box', 'STROMMA', 60),
(290, 'Pretzel', 'STROMMA', 120),
(291, 'Hutsmix', 'STROMMA', 120),
(292, 'Cubes Mature/ 4-6 months', 'STROMMA', 12),
(293, 'OLA Raket', 'ICECREAM', 54),
(294, 'OLA Dracula', 'ICECREAM', 35),
(295, 'OLA Super Twister', 'ICECREAM', 24),
(296, 'OLA Magnum Classic', 'ICECREAM', 20),
(297, 'OLA Magnum Almond', 'ICECREAM', 20),
(298, 'OLA Magnum White', 'ICECREAM', 20),
(299, 'OLA Cornetto Classisco', 'ICECREAM', 20),
(300, 'Heineken blik 33CL', 'DRINK', 24),
(301, 'Heineken blik 0,0% 33CL', 'DRINK', 24),
(302, 'Brand IPA 33CL', 'DRINK', 12),
(303, 'La Croisade chardonnay grenache 25 CL', 'DRINK', 1),
(304, 'La Croisade merlot rouge 25CL', 'DRINK', 1),
(305, 'La Croisade rosé 25CL', 'DRINK', 1),
(306, 'Lisetto Prosecco Klein flesje 20CL', 'DRINK', 12),
(307, 'Sourcy Mineraalwater blauw koolzuurvrij pet 50CL', 'DRINK', 6),
(308, 'Sourcy Rood pet 50CL', 'DRINK', 6),
(309, 'Sourcy Vitamin Water Braam Acai 0% 50CL', 'DRINK', 6),
(310, 'Sourcy Vitamin Water DruitCitroen 0% 50CL', 'DRINK', 6),
(311, 'Sourcy Vitamin Water Mango Guave 0% 50CL', 'DRINK', 6),
(312, 'Rivella 50CL', 'DRINK', 6),
(313, 'Ranja fruitmix aardbei/framboos 33CL', 'DRINK', 6),
(314, 'Lipton Ice Tea Sparkling petfles 50 cl', 'DRINK', 12),
(315, 'Lipton Ice Tea peach/green Zero 50 cl', 'DRINK', 12),
(316, 'Pepsi petfles regular 50CL', 'DRINK', 6),
(317, 'Pepsi petfles max 50CL', 'DRINK', 6),
(318, 'Seven Up suikervrij 50 CL', 'DRINK', 6),
(319, 'Sisi suikervrij 50CL', 'DRINK', 6),
(320, 'Rockstar original regular/suikervrij (blik) 25CL', 'DRINK', 12),
(321, 'Lay''s zakje chips naturel/paprika/bolognese', 'FOOD', 20),
(322, 'Pringles Original/Sourcream/Hot', 'FOOD', 12),
(323, 'Haribo Starmix 75 gram', 'FOOD', 28),
(324, 'Daelmans stroopwafels jumbo single', 'FOOD', 36),
(325, 'Milky way single reep', 'FOOD', 28),
(326, 'M&m''s pinda single', 'FOOD', 24),
(327, 'Mars single reep', 'FOOD', 32),
(328, 'Snickers single reep', 'FOOD', 32),
(329, 'Twix single reep', 'FOOD', 25),
(330, 'KitKat chocobar', 'FOOD', 36),
(331, 'Duyvis Pintda''s gezouten nootjes', 'FOOD', 20),
(332, 'Oud hollandse candy''s', 'STROMMA', 60),
(333, 'Stroopwafel zakje', 'STROMMA', 60),
(334, 'Stroopwafel koker yellow box', 'STROMMA', 60),
(335, 'Pretzel', 'STROMMA', 60),
(336, 'Hutsmix', 'STROMMA', 60),
(337, 'Cubes Mature/ 4-6 months', 'STROMMA', 12),
(338, 'Heineken blik 33CL', 'DRINK', 24),
(339, 'Heineken blik 0,0% 33CL', 'DRINK', 24),
(340, 'Brand IPA 33CL', 'DRINK', 12),
(341, 'La Croisade chardonnay grenache 25 CL', 'DRINK', 1),
(342, 'La Croisade merlot rouge 25CL', 'DRINK', 1),
(343, 'La Croisade rosé 25CL', 'DRINK', 1),
(344, 'Lisetto Prosecco Klein flesje 20CL', 'DRINK', 12),
(345, 'Sourcy Mineraalwater blauw koolzuurvrij pet 50CL', 'DRINK', 6),
(346, 'Sourcy Rood pet 50CL', 'DRINK', 6),
(347, 'Sourcy Vitamin Water Braam Acai 0% 50CL', 'DRINK', 6),
(348, 'Sourcy Vitamin Water DruitCitroen 0% 50CL', 'DRINK', 6),
(349, 'Sourcy Vitamin Water Mango Guave 0% 50CL', 'DRINK', 6),
(350, 'Rivella 50CL', 'DRINK', 6),
(351, 'Ranja fruitmix aardbei/framboos 33CL', 'DRINK', 6),
(352, 'Lipton Ice Tea Sparkling petfles 50 cl', 'DRINK', 12),
(353, 'Lipton Ice Tea peach/green Zero 50 cl', 'DRINK', 12),
(354, 'Pepsi petfles regular 50CL', 'DRINK', 6),
(355, 'Pepsi petfles max 50CL', 'DRINK', 6),
(356, 'Seven Up suikervrij 50 CL', 'DRINK', 6),
(357, 'Sisi suikervrij 50CL', 'DRINK', 6),
(358, 'Rockstar original regular/suikervrij (blik) 25CL', 'DRINK', 12),
(359, 'Lay''s zakje chips naturel/paprika/bolognese', 'FOOD', 20),
(360, 'Pringles Original/Sourcream/Hot', 'FOOD', 12),
(361, 'Haribo Starmix 75 gram', 'FOOD', 28),
(362, 'Daelmans stroopwafels jumbo single', 'FOOD', 36),
(363, 'Milky way single reep', 'FOOD', 28),
(364, 'M&m''s pinda single', 'FOOD', 24),
(365, 'Mars single reep', 'FOOD', 32),
(366, 'Snickers single reep', 'FOOD', 32),
(367, 'Twix single reep', 'FOOD', 25),
(368, 'KitKat chocobar', 'FOOD', 36),
(369, 'Duyvis Pintda''s gezouten nootjes', 'FOOD', 20),
(370, 'OLA Raket', 'ICECREAM', 54),
(371, 'Ola Donut', 'ICECREAM', 54),
(372, 'OLA Dracula', 'ICECREAM', 35),
(373, 'OLA Super Twister', 'ICECREAM', 24),
(374, 'OLA Magnum Classic', 'ICECREAM', 20),
(375, 'OLA Magnum Almond', 'ICECREAM', 20),
(376, 'OLA Magnum White', 'ICECREAM', 20),
(377, 'OLA Cornetto Classisco', 'ICECREAM', 20),
(378, 'Oud hollandse candy''s', 'STROMMA', 60),
(379, 'Stroopwafel zakje', 'STROMMA', 60),
(380, 'Stroopwafel koker yellow box', 'STROMMA', 60),
(381, 'Pretzel', 'STROMMA', 60),
(382, 'Hutsmix', 'STROMMA', 60),
(383, 'Cubes Mature/ 4-6 months', 'STROMMA', 12);

-- Insert Shop Items (382 configurations)
INSERT INTO shop_items (shop_id, item_id, active) VALUES
(1, 1, t),
(1, 2, t),
(1, 3, t),
(1, 4, t),
(1, 5, t),
(1, 6, t),
(1, 7, t),
(1, 8, t),
(1, 9, t),
(1, 10, t),
(1, 11, t),
(1, 12, t),
(1, 13, t),
(1, 14, t),
(1, 15, t),
(1, 16, t),
(1, 17, t),
(1, 18, t),
(1, 19, t),
(1, 20, t),
(1, 21, t),
(1, 22, t),
(1, 23, t),
(1, 24, t),
(1, 25, t),
(1, 26, t),
(1, 27, t),
(1, 28, t),
(1, 29, t),
(1, 30, t),
(1, 31, t),
(1, 32, t),
(1, 33, t),
(1, 34, t),
(1, 35, t),
(1, 36, t),
(1, 37, t),
(1, 38, t),
(1, 39, t),
(1, 40, t),
(1, 41, t),
(1, 42, t),
(1, 43, t),
(1, 44, t),
(1, 45, t),
(1, 46, t),
(1, 47, t),
(2, 48, t),
(2, 49, t),
(2, 50, t),
(2, 51, t),
(2, 52, t),
(2, 53, t),
(2, 54, t),
(2, 55, t),
(2, 56, t),
(2, 57, t),
(2, 58, t),
(2, 59, t),
(2, 60, t),
(2, 61, t),
(2, 62, t),
(2, 63, t),
(2, 64, t),
(2, 65, t),
(2, 66, t),
(2, 67, t),
(2, 70, t),
(2, 71, t),
(2, 72, t),
(2, 73, t),
(2, 74, t),
(2, 75, t),
(2, 76, t),
(2, 77, t),
(2, 78, t),
(2, 79, t),
(2, 80, t),
(2, 81, t),
(2, 82, t),
(2, 83, t),
(2, 84, t),
(2, 85, t),
(2, 86, t),
(2, 87, t),
(2, 88, t),
(2, 89, t),
(2, 90, t),
(2, 91, t),
(2, 92, t),
(3, 93, t),
(3, 94, t),
(3, 95, t),
(3, 96, t),
(3, 97, t),
(3, 98, t),
(3, 99, t),
(3, 100, t),
(3, 101, t),
(3, 102, t),
(3, 103, t),
(3, 104, t),
(3, 105, t),
(3, 106, t),
(3, 107, t),
(3, 108, t),
(3, 109, t),
(3, 110, t),
(3, 111, t),
(3, 112, t),
(3, 113, t),
(4, 114, t),
(4, 115, t),
(4, 116, t),
(4, 117, t),
(4, 118, t),
(4, 119, t),
(4, 120, t),
(4, 121, t),
(4, 122, t),
(4, 123, t),
(4, 124, t),
(4, 125, t),
(4, 126, t),
(4, 127, t),
(4, 128, t),
(4, 129, t),
(4, 130, t),
(4, 131, t),
(4, 132, t),
(4, 133, t),
(4, 134, t),
(4, 135, t),
(4, 136, t),
(4, 137, t),
(4, 138, t),
(4, 139, t),
(4, 140, t),
(4, 141, t),
(4, 142, t),
(4, 143, t),
(4, 144, t),
(4, 145, t),
(4, 146, t),
(4, 147, t),
(4, 148, t),
(4, 149, t),
(4, 150, t),
(4, 151, t),
(4, 152, t),
(4, 153, t),
(4, 154, t),
(4, 155, t),
(4, 156, t),
(4, 157, t),
(4, 158, t),
(4, 159, t),
(5, 160, t),
(5, 161, t),
(5, 162, t),
(5, 163, t),
(5, 164, t),
(5, 165, t),
(5, 166, t),
(5, 167, t),
(5, 168, t),
(5, 169, t),
(5, 170, t),
(5, 171, t),
(5, 172, t),
(5, 173, t),
(5, 174, t),
(5, 175, t),
(5, 176, t),
(5, 177, t),
(5, 178, t),
(5, 179, t),
(5, 180, t),
(5, 181, t),
(5, 182, t),
(5, 183, t),
(5, 184, t),
(5, 185, t),
(5, 186, t),
(5, 187, t),
(5, 188, t),
(5, 189, t),
(5, 190, t),
(5, 191, t),
(5, 192, t),
(5, 193, t),
(5, 194, t),
(5, 195, t),
(5, 196, t),
(5, 197, t),
(5, 198, t),
(5, 199, t),
(5, 200, t),
(6, 201, t),
(6, 202, t),
(6, 203, t),
(6, 204, t),
(6, 205, t),
(6, 206, t),
(6, 207, t),
(6, 208, t),
(6, 209, t),
(6, 210, t),
(6, 211, t),
(6, 212, t),
(6, 213, t),
(6, 214, t),
(6, 215, t),
(6, 216, t),
(6, 217, t),
(6, 218, t),
(6, 219, t),
(6, 220, t),
(6, 221, t),
(6, 222, t),
(6, 223, t),
(6, 224, t),
(6, 225, t),
(6, 226, t),
(6, 227, t),
(6, 228, t),
(6, 229, t),
(6, 230, t),
(6, 231, t),
(6, 232, t),
(6, 233, t),
(6, 234, t),
(6, 235, t),
(6, 236, t),
(6, 237, t),
(6, 238, t),
(6, 239, t),
(6, 240, t),
(6, 241, t),
(6, 242, t),
(6, 243, t),
(6, 244, t),
(6, 245, t),
(6, 246, t),
(7, 247, t),
(7, 248, t),
(7, 249, t),
(7, 250, t),
(7, 251, t),
(7, 252, t),
(7, 253, t),
(7, 254, t),
(7, 255, t),
(7, 256, t),
(7, 257, t),
(7, 258, t),
(7, 259, t),
(7, 260, t),
(7, 261, t),
(7, 262, t),
(7, 263, t),
(7, 264, t),
(7, 265, t),
(7, 266, t),
(7, 267, t),
(7, 268, t),
(7, 269, t),
(7, 270, t),
(7, 271, t),
(7, 272, t),
(7, 273, t),
(7, 274, t),
(7, 275, t),
(7, 276, t),
(7, 277, t),
(7, 278, t),
(7, 279, t),
(7, 280, t),
(7, 281, t),
(7, 282, t),
(7, 283, t),
(7, 284, t),
(7, 285, t),
(7, 286, t),
(7, 287, t),
(7, 288, t),
(7, 289, t),
(7, 290, t),
(7, 291, t),
(7, 292, t),
(7, 369, t),
(8, 293, t),
(8, 294, t),
(8, 295, t),
(8, 296, t),
(8, 297, t),
(8, 298, t),
(8, 299, t),
(8, 300, t),
(8, 301, t),
(8, 302, t),
(8, 303, t),
(8, 304, t),
(8, 305, t),
(8, 306, t),
(8, 307, t),
(8, 308, t),
(8, 309, t),
(8, 310, t),
(8, 311, t),
(8, 312, t),
(8, 313, t),
(8, 314, t),
(8, 315, t),
(8, 316, t),
(8, 317, t),
(8, 318, t),
(8, 319, t),
(8, 320, t),
(8, 321, t),
(8, 322, t),
(8, 323, t),
(8, 324, t),
(8, 325, t),
(8, 326, t),
(8, 327, t),
(8, 328, t),
(8, 329, t),
(8, 330, t),
(8, 331, t),
(8, 332, t),
(8, 333, t),
(8, 334, t),
(8, 335, t),
(8, 336, t),
(8, 337, t),
(10, 338, t),
(10, 339, t),
(10, 340, t),
(10, 341, t),
(10, 342, t),
(10, 343, t),
(10, 344, t),
(10, 345, t),
(10, 346, t),
(10, 347, t),
(10, 348, t),
(10, 349, t),
(10, 350, t),
(10, 351, t),
(10, 352, t),
(10, 353, t),
(10, 354, t),
(10, 355, t),
(10, 356, t),
(10, 357, t),
(10, 358, t),
(10, 359, t),
(10, 360, t),
(10, 361, t),
(10, 362, t),
(10, 363, t),
(10, 364, t),
(10, 365, t),
(10, 366, t),
(10, 367, t),
(10, 368, t),
(10, 369, t),
(10, 370, t),
(10, 371, t),
(10, 372, t),
(10, 373, t),
(10, 374, t),
(10, 375, t),
(10, 376, t),
(10, 377, t),
(10, 378, t),
(10, 379, t),
(10, 380, t),
(10, 381, t),
(10, 382, t),
(10, 383, t);

-- Insert User Shop Permissions
INSERT INTO user_shops (user_id, shop_id) VALUES
('139543bc-90a7-4202-96e6-96da052eaa70', 2),
('139543bc-90a7-4202-96e6-96da052eaa70', 3),
('139543bc-90a7-4202-96e6-96da052eaa70', 4),
('a7abbb52-e0ca-4c64-9486-1f756013d074', 6),
('a7abbb52-e0ca-4c64-9486-1f756013d074', 7),
('a7abbb52-e0ca-4c64-9486-1f756013d074', 8),
('a7abbb52-e0ca-4c64-9486-1f756013d074', 9),
('a7abbb52-e0ca-4c64-9486-1f756013d074', 10),
('dc5b63f8-13da-4ff7-a8fc-1bb97249e145', 1),
('dc5b63f8-13da-4ff7-a8fc-1bb97249e145', 5);

COMMIT;

-- Verify import
SELECT 'Users: ' || COUNT(*) as count FROM users;
SELECT 'Shops: ' || COUNT(*) as count FROM shops;
SELECT 'Items: ' || COUNT(*) as count FROM items;
SELECT 'Shop Items: ' || COUNT(*) as count FROM shop_items;
SELECT 'User Permissions: ' || COUNT(*) as count FROM user_shops;
